gene	variant	cds	disease	type_of_evidence	drug	effect	tier_level_criteria	tier_level	mutation_origin	summary	support	references	owner_name	status
BRAF	V600E	c.1799T>A	Neoplasm of thyroid gland	In vitro assay	-	Pathogenic	Well-established in vitro functional study showing a deleterious effect		Somatic	The mutation induces an elevated kinase activity.	Strong	PMID:15035987	test_allroles	draft
BRAF	V600E	c.1799T>A	Neoplasm of thyroid gland	Predictive / Therapeutic	Vemurafenib	Sensitive	Clinical trial	Tier IID	Somatic	Partial response 10/26 patients and best overall response 38.5%	Strong	PMID:27460442	test_allroles	draft
BRAF	V600E	c.1799T>A	Malignant melanoma of skin	Predictive / Therapeutic	Vemurafenib	Sensitive	FDA/EMA/Swissmedic approved therapy	Tier IA	Somatic	NCT01006980	Strong	PMID:21639808	test_allroles	draft
BRAF	V600E	c.1799T>A	Neoplasm of thyroid gland	Prognostic	-	Poor outcome	Population study	Tier IID	Somatic	"The mutation is observed in 63.6% (119/187) of tumor tissues, predominantly in PTC."	Strong	PMID:24396464	test_allroles	draft
BRAF	G596R	c.1786G>C	Adenocarcinoma of colorectum	Predictive / Therapeutic	Vemurafenib	Resistance	Pre-clinical trial	Tier IID	Somatic	BRAF(V600E)-positive melanoma cell lines assay.	Strong	PMID:21107323	test_allroles	draft
BRAF	K601E	c.1801A>G	Malignant melanoma of skin	Predictive / Therapeutic	Dabrafenib	Sensitive	Clinical trial	Tier IID	Somatic	Improved overall survival of patients with Dabrafenib.	Moderate	PMID:21343559	test_allroles	draft
EGFR	L858R	c.2573T>G	Adenocarcinoma of lung	In vitro assay	-	Pathogenic	Well-established in vitro functional study showing a deleterious effect		Somatic	Transforming potential of the mutant is high. 	Moderate	PMID:29141884	test_allroles	draft
EGFR	L858R	c.2573T>G	Non-small cell lung cancer	Predictive / Therapeutic	Erlotinib	Sensitive	FDA/EMA/Swissmedic approved therapy	Tier IA	Somatic	"On May 2013, FDA approved Erlotinib as 1st-line treatment of NSCLC carrying L858R. "	Strong 	PMID:24868098	test_allroles	draft
EGFR	L858R	c.2573T>G	Adenocarcinoma of lung	Predictive / Therapeutic	Afatinib	Sensitive	Well-powered study with consensus from experts in the field	Tier I	Somatic	Assessment of drug sensitivity for L858R by MANO method.	Strong	PMID:29141884	test_allroles	draft
EGFR	L858R	c.2573T>G	Non-small cell lung cancer	Prognostic	-	Poor outcome	Clinical trial	Tier IID	Somatic	Median Survival is longer in patients carrying EGFR L858R than WT EGFR. 	Strong	PMID:24662454	test_allroles	draft
EGFR	S768I	c.2303G>T	Adenocarcinoma of lung	Predictive / Therapeutic	Erlotinib	Sensitive	Case reports	Tier IID	Somatic	Radiographic response in one patient.	Moderate	PMID:25521405	test_allroles	draft
EGFR	S768I	c.2303G>T	Non-small cell lung cancer	Predictive / Therapeutic	Gefitinib	Sensitive	Clinical trial	Tier IID	Somatic	"Overall survival (median, 20.4 v 6.9 months; P = .0001) were significantly better with Gefitinib."	Moderate	PMID:15998907	test_allroles	draft
EGFR	T790M	c.2369C>T	Non-small cell lung cancer	Predictive / Therapeutic	Osimertinib	Sensitive	FDA/EMA/Swissmedic approved therapy	Tier IA	Somatic		Strong	PMID:26729184	test_allroles	draft
EGFR	T790M	c.2369C>T	Adenocarcinoma of lung	Predictive / Therapeutic	"Erlotinib, Gefitinib"	Resistance	Population study	Tier IID	Somatic	EGFR T790M is the most common mechanism of acquired resistance.	Strong	PMID:23470965	test_allroles	draft
ALK	G740R	c.2218G>A	Adenocarcinoma of prostate	Predictive / Therapeutic	Alectinib	Sensitive	Pre-clinical trial	Tier IID	Somatic	A patient with refractory de novo SCCP with ALK F1174C activating mutation obtained clinical benefit from ALK inhibitor.	Strong	PMID:29559559	test_allroles	draft